-- MySQL dump 10.13  Distrib 8.0.32, for Win64 (x86_64)
--
-- Host: localhost    Database: vinsol
-- ------------------------------------------------------
-- Server version	8.0.32

/*!40101 SET @OLD_CHARACTER_SET_CLIENT=@@CHARACTER_SET_CLIENT */;
/*!40101 SET @OLD_CHARACTER_SET_RESULTS=@@CHARACTER_SET_RESULTS */;
/*!40101 SET @OLD_COLLATION_CONNECTION=@@COLLATION_CONNECTION */;
/*!50503 SET NAMES utf8mb4 */;
/*!40103 SET @OLD_TIME_ZONE=@@TIME_ZONE */;
/*!40103 SET TIME_ZONE='+00:00' */;
/*!40014 SET @OLD_UNIQUE_CHECKS=@@UNIQUE_CHECKS, UNIQUE_CHECKS=0 */;
/*!40014 SET @OLD_FOREIGN_KEY_CHECKS=@@FOREIGN_KEY_CHECKS, FOREIGN_KEY_CHECKS=0 */;
/*!40101 SET @OLD_SQL_MODE=@@SQL_MODE, SQL_MODE='NO_AUTO_VALUE_ON_ZERO' */;
/*!40111 SET @OLD_SQL_NOTES=@@SQL_NOTES, SQL_NOTES=0 */;

--
-- Table structure for table `branch`
--

DROP TABLE IF EXISTS `branch`;
/*!40101 SET @saved_cs_client     = @@character_set_client */;
/*!50503 SET character_set_client = utf8mb4 */;
CREATE TABLE `branch` (
  `bcode` char(7) NOT NULL,
  `librarian` varchar(20) DEFAULT NULL,
  `address` varchar(50) DEFAULT NULL,
  PRIMARY KEY (`bcode`)
) ENGINE=InnoDB DEFAULT CHARSET=utf8mb4 COLLATE=utf8mb4_0900_ai_ci;
/*!40101 SET character_set_client = @saved_cs_client */;

--
-- Dumping data for table `branch`
--

LOCK TABLES `branch` WRITE;
/*!40000 ALTER TABLE `branch` DISABLE KEYS */;
INSERT INTO `branch` VALUES ('B1','John Smith','2 Anglesea Rd'),('B2','Mary Jones','34 Pearse St'),('B3','Francis Owens','Grange X');
/*!40000 ALTER TABLE `branch` ENABLE KEYS */;
UNLOCK TABLES;

--
-- Table structure for table `college`
--

DROP TABLE IF EXISTS `college`;
/*!40101 SET @saved_cs_client     = @@character_set_client */;
/*!50503 SET character_set_client = utf8mb4 */;
CREATE TABLE `college` (
  `college_id` int DEFAULT NULL,
  `name1` varchar(20) DEFAULT NULL
) ENGINE=InnoDB DEFAULT CHARSET=utf8mb4 COLLATE=utf8mb4_0900_ai_ci;
/*!40101 SET character_set_client = @saved_cs_client */;

--
-- Dumping data for table `college`
--

LOCK TABLES `college` WRITE;
/*!40000 ALTER TABLE `college` DISABLE KEYS */;
INSERT INTO `college` VALUES (10,'Garv Shah'),(5,'Ekansh'),(7,'Rishab');
/*!40000 ALTER TABLE `college` ENABLE KEYS */;
UNLOCK TABLES;

--
-- Table structure for table `holdings`
--

DROP TABLE IF EXISTS `holdings`;
/*!40101 SET @saved_cs_client     = @@character_set_client */;
/*!50503 SET character_set_client = utf8mb4 */;
CREATE TABLE `holdings` (
  `branch` char(7) NOT NULL,
  `title` varchar(20) NOT NULL,
  `copies` int DEFAULT NULL,
  PRIMARY KEY (`branch`,`title`)
) ENGINE=InnoDB DEFAULT CHARSET=utf8mb4 COLLATE=utf8mb4_0900_ai_ci;
/*!40101 SET character_set_client = @saved_cs_client */;

--
-- Dumping data for table `holdings`
--

LOCK TABLES `holdings` WRITE;
/*!40000 ALTER TABLE `holdings` DISABLE KEYS */;
INSERT INTO `holdings` VALUES ('B1','A hist',1),('B1','How to',2),('B1','Susannah',3),('B2','Computers',2),('B2','How to',4),('B2','The Wife',3),('B3','A hist ..',1),('B3','Computers',4),('B3','Susannah',3),('B3','TheWife',1);
/*!40000 ALTER TABLE `holdings` ENABLE KEYS */;
UNLOCK TABLES;

--
-- Table structure for table `locations`
--

DROP TABLE IF EXISTS `locations`;
/*!40101 SET @saved_cs_client     = @@character_set_client */;
/*!50503 SET character_set_client = utf8mb4 */;
CREATE TABLE `locations` (
  `lname` varchar(20) NOT NULL,
  `phone` char(7) DEFAULT NULL,
  `address` varchar(20) DEFAULT NULL,
  PRIMARY KEY (`lname`)
) ENGINE=InnoDB DEFAULT CHARSET=utf8mb4 COLLATE=utf8mb4_0900_ai_ci;
/*!40101 SET character_set_client = @saved_cs_client */;

--
-- Dumping data for table `locations`
--

LOCK TABLES `locations` WRITE;
/*!40000 ALTER TABLE `locations` DISABLE KEYS */;
INSERT INTO `locations` VALUES ('Buttery','7023421','College ST'),('Lincoln','6894523','Lincoln Place'),('O\'Neill\'s','6742134','Pearse St'),('Old Nag','7678132','Dame St');
/*!40000 ALTER TABLE `locations` ENABLE KEYS */;
UNLOCK TABLES;

--
-- Table structure for table `office`
--

DROP TABLE IF EXISTS `office`;
/*!40101 SET @saved_cs_client     = @@character_set_client */;
/*!50503 SET character_set_client = utf8mb4 */;
CREATE TABLE `office` (
  `office_id` int DEFAULT NULL,
  `name2` varchar(20) DEFAULT NULL
) ENGINE=InnoDB DEFAULT CHARSET=utf8mb4 COLLATE=utf8mb4_0900_ai_ci;
/*!40101 SET character_set_client = @saved_cs_client */;

--
-- Dumping data for table `office`
--

LOCK TABLES `office` WRITE;
/*!40000 ALTER TABLE `office` DISABLE KEYS */;
INSERT INTO `office` VALUES (10,'Garv Shah'),(5,'Ekansh'),(8,'Rashika');
/*!40000 ALTER TABLE `office` ENABLE KEYS */;
UNLOCK TABLES;

--
-- Table structure for table `sandwiches`
--

DROP TABLE IF EXISTS `sandwiches`;
/*!40101 SET @saved_cs_client     = @@character_set_client */;
/*!50503 SET character_set_client = utf8mb4 */;
CREATE TABLE `sandwiches` (
  `location` varchar(20) NOT NULL,
  `bread` varchar(20) NOT NULL,
  `filling` varchar(20) NOT NULL,
  `price` float DEFAULT NULL,
  PRIMARY KEY (`location`,`bread`,`filling`)
) ENGINE=InnoDB DEFAULT CHARSET=utf8mb4 COLLATE=utf8mb4_0900_ai_ci;
/*!40101 SET character_set_client = @saved_cs_client */;

--
-- Dumping data for table `sandwiches`
--

LOCK TABLES `sandwiches` WRITE;
/*!40000 ALTER TABLE `sandwiches` DISABLE KEYS */;
INSERT INTO `sandwiches` VALUES ('Buttery','White','Cheese',1),('Buttery','White','Ham',1.1),('Lincoln','Rye','Beef',1.35),('Lincoln','Rye','Ham',1.25),('Lincoln','White','Ham',1.3),('O\'Neill\'s','White','Cheese',1.2),('O\'Neill\'s','White','Turkey',1.35),('O\'Neill\'s','Whole','Ham',1.25),('Old Nag','Rye','Beef',1.35),('Old Nag','Rye','Ham',1.4);
/*!40000 ALTER TABLE `sandwiches` ENABLE KEYS */;
UNLOCK TABLES;

--
-- Table structure for table `school`
--

DROP TABLE IF EXISTS `school`;
/*!40101 SET @saved_cs_client     = @@character_set_client */;
/*!50503 SET character_set_client = utf8mb4 */;
CREATE TABLE `school` (
  `school_id` int DEFAULT NULL,
  `name3` varchar(20) DEFAULT NULL
) ENGINE=InnoDB DEFAULT CHARSET=utf8mb4 COLLATE=utf8mb4_0900_ai_ci;
/*!40101 SET character_set_client = @saved_cs_client */;

--
-- Dumping data for table `school`
--

LOCK TABLES `school` WRITE;
/*!40000 ALTER TABLE `school` DISABLE KEYS */;
INSERT INTO `school` VALUES (10,'Garv Shah'),(7,'Rishab'),(9,'Mayank');
/*!40000 ALTER TABLE `school` ENABLE KEYS */;
UNLOCK TABLES;

--
-- Table structure for table `tastes`
--

DROP TABLE IF EXISTS `tastes`;
/*!40101 SET @saved_cs_client     = @@character_set_client */;
/*!50503 SET character_set_client = utf8mb4 */;
CREATE TABLE `tastes` (
  `name` varchar(20) NOT NULL,
  `filling` varchar(20) NOT NULL,
  PRIMARY KEY (`name`,`filling`)
) ENGINE=InnoDB DEFAULT CHARSET=utf8mb4 COLLATE=utf8mb4_0900_ai_ci;
/*!40101 SET character_set_client = @saved_cs_client */;

--
-- Dumping data for table `tastes`
--

LOCK TABLES `tastes` WRITE;
/*!40000 ALTER TABLE `tastes` DISABLE KEYS */;
INSERT INTO `tastes` VALUES ('Brown','Beef'),('Brown','Ham'),('Brown','Turkey'),('Green','Beef'),('Green','Cheese'),('Green','Turkey'),('Jones','Cheese');
/*!40000 ALTER TABLE `tastes` ENABLE KEYS */;
UNLOCK TABLES;

--
-- Table structure for table `testing_table`
--

DROP TABLE IF EXISTS `testing_table`;
/*!40101 SET @saved_cs_client     = @@character_set_client */;
/*!50503 SET character_set_client = utf8mb4 */;
CREATE TABLE `testing_table` (
  `username` varchar(20) DEFAULT NULL,
  `roll_no` int DEFAULT NULL,
  `first_name` varchar(20) DEFAULT NULL,
  `last_name` varchar(20) DEFAULT NULL
) ENGINE=InnoDB DEFAULT CHARSET=utf8mb4 COLLATE=utf8mb4_0900_ai_ci;
/*!40101 SET character_set_client = @saved_cs_client */;

--
-- Dumping data for table `testing_table`
--

LOCK TABLES `testing_table` WRITE;
/*!40000 ALTER TABLE `testing_table` DISABLE KEYS */;
/*!40000 ALTER TABLE `testing_table` ENABLE KEYS */;
UNLOCK TABLES;

--
-- Table structure for table `titles`
--

DROP TABLE IF EXISTS `titles`;
/*!40101 SET @saved_cs_client     = @@character_set_client */;
/*!50503 SET character_set_client = utf8mb4 */;
CREATE TABLE `titles` (
  `title` varchar(20) NOT NULL,
  `author` varchar(20) DEFAULT NULL,
  `publisher` varchar(20) DEFAULT NULL,
  PRIMARY KEY (`title`)
) ENGINE=InnoDB DEFAULT CHARSET=utf8mb4 COLLATE=utf8mb4_0900_ai_ci;
/*!40101 SET character_set_client = @saved_cs_client */;

--
-- Dumping data for table `titles`
--

LOCK TABLES `titles` WRITE;
/*!40000 ALTER TABLE `titles` DISABLE KEYS */;
INSERT INTO `titles` VALUES ('A History of Dublin','David Little','Wiley'),('Computers','Blaise Pascal','Applewoods'),('How to Fish','Amy Fly','Stop Press'),('Susannah','Ann Brown','Macmillan'),('The Wife','Ann Brown','Macmillan');
/*!40000 ALTER TABLE `titles` ENABLE KEYS */;
UNLOCK TABLES;
/*!40103 SET TIME_ZONE=@OLD_TIME_ZONE */;

/*!40101 SET SQL_MODE=@OLD_SQL_MODE */;
/*!40014 SET FOREIGN_KEY_CHECKS=@OLD_FOREIGN_KEY_CHECKS */;
/*!40014 SET UNIQUE_CHECKS=@OLD_UNIQUE_CHECKS */;
/*!40101 SET CHARACTER_SET_CLIENT=@OLD_CHARACTER_SET_CLIENT */;
/*!40101 SET CHARACTER_SET_RESULTS=@OLD_CHARACTER_SET_RESULTS */;
/*!40101 SET COLLATION_CONNECTION=@OLD_COLLATION_CONNECTION */;
/*!40111 SET SQL_NOTES=@OLD_SQL_NOTES */;

-- Dump completed on 2023-03-21 17:54:44
